REGIONS	Region Name (in-game)	Region Capital	Capital Name (in-game)	Region Owner and Capitals (1080)	Settlement Coordinates		Settlement's Look Faction	Faction Which Created the Region	RGB	Hidden Resources	Farming Level	Famine Threat	Farming Intensity	Religions (must give 100 in total)										Settlement Level	Settlement Population	Buildings (format: tree building, tree building, etc.)	Rebel Faction Name (in-game)	Rebel Faction's Army
regions	region_name_display	drg_region_capital	capital_name_display	ds_region_owner	settlement_x_co	settlement_y_co	ds_region_appearance	drg_region_creator	drg_rgb	drg_hidden_resources	drg_region_farming	ds_famine_threat	ds_farming_level	drg_catholic	drg_orthodox	drg_oriental	drg_shia	drg_islam	drg_judaism	drg_pagan	drg_heretic	drg_buddhism	drg_hussitism	ds_settlement_level	ds_settlement_population	#ds_buildings	rebel_faction_display	#drf_units
Pamplona_Province	Navarra	Pamplona	Pamplona	aragon	119	209	aragon	aragon	171 111 73	none	4	0	0	80	0	0	0	11	4	5	0	0	0	town	3350	hinterland_roads roads, hinterland_farms farms	Kingdom of Navarre	Peasants
Jaca_Province	Aragón	Jaca	Jaca	aragon_CAPITAL	125	207	aragon	aragon	98 204 152	none	4	0	0	82	0	0	0	13	3	2	0	0	0	town	1000	hinterland_roads roads, hinterland_farms farms	Kingdom of Aragon	Peasants
Tarsus_Province	Kilikia	Tarsus	Tarson	armenia	339	168	byzantium	byzantium	20 127 204	none	6	0	0	0	30	30	5	25	5	1	4	0	0	city	10880	hinterland_roads roads, hinterland_farms farms	Cilicians	Peasants
Antioch_Province	Surya	Antioch	Antiok	armenia_CAPITAL	347	163	byzantium	byzantium	222 83 74	none	3	0	0	0	35	35	5	15	5	1	4	0	0	large_city	12160	hinterland_roads roads, hinterland_farms farms	Principality of Antioch	Peasants
Olomouc_Province	Morawa	Olomouc	Olomovc	bohemia	227	265	bohemia	bohemia	231 126 62	none	5	0	0	84	0	0	0	0	6	8	2	0	0	town	1150	hinterland_roads roads, hinterland_farms farms	Morawʃʃti pani	Peasants
Prague_Province	Czechy	Prague	Praga	bohemia_CAPITAL	212	269	bohemia	bohemia	236 64 112	none	5	0	0	78	0	0	0	0	7	12	3	0	0	large_town	5300	hinterland_roads roads, hinterland_farms farms	Czeʃʃti pani	Peasants
Antalya_Province	Karavisiánon	Antalya	Attáleia	byzantium	314	167	byzantium	byzantium	21 63 87	none	3	0	0	2	80	5	1	5	2	1	4	0	0	town	3350	hinterland_roads roads, hinterland_farms farms	Theme of Carabisiani	Peasants
Durres_Province	Ipeiros	Durres	Dyrráchion	byzantium	245	199	byzantium	byzantium	251 221 110	none	5	0	0	20	20	10	0	0	10	20	20	0	0	large_town	3540	hinterland_roads roads, hinterland_farms farms	Albanian Clans	Peasants
Edirne_Province	Makedonía	Edirne	Adrianoúpolis	byzantium	288	202	byzantium	byzantium	172 9 34	none	6	0	0	5	40	30	0	0	15	5	15	0	0	large_town	5980	hinterland_roads roads, hinterland_farms farms	Bulgarians	Peasants
Heraclion_Province	Kríti	Heraclion	Chándakas	byzantium	281	155	byzantium	byzantium	201 7 107	none	3	0	0	0	45	0	0	40	0	5	10	0	0	large_town	7850	hinterland_roads roads, hinterland_farms farms	Duchy of Candia	Peasants
Kherson_Province	Chersón	Kherson	Chersón	byzantium	327	227	byzantium	byzantium	240 127 0	none	6	0	0	0	50	20	0	0	2	25	3	0	0	large_town	3900	hinterland_roads roads, hinterland_farms farms	Khazars	Peasants
Konya_Province	Anatolikón	Konya	Ikonion	byzantium	324	174	byzantium	byzantium	150 8 243	none	3	0	0	0	60	20	1	9	1	4	5	0	0	large_town	9200	hinterland_roads roads, hinterland_farms farms	Turkish Emirates	Peasants
Larissa_Province	Héllas	Larissa	Lárisa	byzantium	263	186	byzantium	byzantium	54 76 68	none	4	0	0	2	84	3	1	1	3	1	5	0	0	large_town	6070	hinterland_roads roads, hinterland_farms farms	Greek Rebels	Peasants
Nicopolis_Province	Nikópolis kai Kephallinía	Nicopolis	Nikópolis	byzantium	253	183	byzantium	byzantium	179 114 71	none	5	0	0	5	30	25	0	0	5	25	15	0	0	town	2050	hinterland_roads roads, hinterland_farms farms	Regnum Albaniae	Peasants
Nicosia_Province	Kýpros	Nicosia	Levkosía	byzantium	331	154	byzantium	byzantium	161 21 115	none	5	0	0	0	55	10	5	20	3	1	6	0	0	large_town	4550	hinterland_roads roads, hinterland_farms farms	Despot of Cyprus	Peasants
Patras_Province	Pelopónnisos	Patras	Pátrai	byzantium	260	176	byzantium	byzantium	48 168 64	none	5	0	0	2	84	3	1	1	3	1	5	0	0	large_town	7750	hinterland_roads roads, hinterland_farms farms	Despot of the Morea	Peasants
Ras_Province	Raška	Ras	Ras	byzantium	250	213	byzantium	byzantium	75 2 101	none	2	0	0	20	20	10	0	0	10	20	20	0	0	town	755	hinterland_roads roads, hinterland_farms farms	Kneževina Srbija	Peasants
Rhodes_Province	Dodekánisa	Rhodes	Ródos	byzantium	298	161	byzantium	byzantium	226 205 206	none	4	0	0	1	70	3	1	1	2	20	1	0	0	town	3200	hinterland_roads roads, hinterland_farms farms	Dodecanesians	Peasants
Silistra_Province	Paradounavion	Silistra	Dristra	byzantium	289	221	byzantium	byzantium	12 74 14	none	5	0	0	1	43	20	0	0	1	15	20	0	0	town	2350	hinterland_roads roads, hinterland_farms farms	Miziyskie myatezhnitsi	Peasants
Sinop_Province	Paphlagonía	Sinop	Sinópi	byzantium	337	206	byzantium	byzantium	37 171 6	none	5	0	0	0	55	25	5	5	5	1	4	0	0	large_town	3820	hinterland_roads roads, hinterland_farms farms	Roman Nobles	Peasants
Skopje_Province	Balgariya	Skopje	Skoupoi	byzantium	255	203	byzantium	byzantium	42 99 141	none	5	0	0	10	25	20	0	0	5	15	20	0	0	town	1300	hinterland_roads roads, hinterland_farms farms	Vtorо Bălgarskо Tsartsvo	Peasants
Thessalonica_Province	Thessaloníki	Thessalonica	Thessaloníki	byzantium	266	194	byzantium	byzantium	125 144 115	none	6	0	0	1	70	10	2	2	5	1	9	0	0	large_city	24620	hinterland_roads roads, hinterland_farms farms	Kingdom of Thessalonica	Peasants
Constantinople_Province	Thráki	Constantinople	Konstantinoúpolis	byzantium_CAPITAL	301	199	byzantium	byzantium	156 178 236	none	6	0	0	20	32	30	1	1	5	1	10	0	0	huge_city	60750	hinterland_roads roads, hinterland_farms farms	Autokratōr Rhomaíōn	Peasants
Baia_Province	Moldaviae	Baia	Civitas Moldaviae	cumans	282	248	cumans	cumans	221 92 53	none	3	0	0	5	5	5	0	10	10	60	5	0	0	village	480	hinterland_roads roads, hinterland_farms farms	Steppe Nomads	Peasants
Majar_Province	Saklan	Majar	Madjara Suba	cumans	389	230	cumans	cumans	44 102 117	none	3	0	0	0	5	10	0	5	25	50	5	0	0	town	1150	hinterland_roads roads, hinterland_farms farms	Steppe Nomads	Peasants
Targoviste_Province	Valachia	Targoviste	Târgoviste	cumans	278	227	cumans	cumans	192 251 37	none	3	0	0	10	10	0	0	0	2	70	8	0	0	village	320	hinterland_roads roads, hinterland_farms farms	Vlachs	Peasants
Sharukan_Province	Aq Cuman	Sharukan	Sharukan	cumans_CAPITAL	338	270	cumans	cumans	246 174 119	none	6	0	0	0	0	10	0	10	45	30	5	0	0	town	980	hinterland_roads roads, hinterland_farms farms	Steppe Nomads	Peasants
Lund_Province	Skaane	Lund	Lund	denmark	202	318	denmark	denmark	234 58 83	none	5	0	0	68	0	0	0	0	2	25	3	0	0	town	1250	hinterland_roads roads, hinterland_farms farms	Danish Rebels	Peasants
Ribe_Province	Jutland	Ribe	Ripen	denmark	178	313	denmark	denmark	158 162 57	none	3	0	0	68	0	0	0	0	2	22	8	0	0	town	955	hinterland_roads roads, hinterland_farms farms	Danish Rebels	Peasants
Roskilde_Province	Sjaelland	Roskilde	Roskilde	denmark_CAPITAL	196	317	denmark	denmark	220 30 209	none	3	0	0	68	0	0	0	0	2	22	8	0	0	town	940	hinterland_roads roads, hinterland_farms farms	Danish Rebels	Peasants
Alexandria_Province	Misr al-Iskandariyya	Alexandria	al-Iskandariyya	egypt	312	126	egypt	egypt	227 161 8	none	5	0	0	5	10	40	10	20	10	1	4	0	0	large_city	33920	hinterland_roads roads, hinterland_farms farms	Egyptian Caliphate	Peasants
Barca_Province	Barqa	Barca	Barqa	egypt	256	134	egypt	egypt	109 38 8	none	4	0	0	0	11	14	25	40	5	4	1	0	0	large_town	6200	hinterland_roads roads, hinterland_farms farms	Berbers	Peasants
Dongola_Province	Makouria	Dongola	Dongola	egypt	319	44	armenia	armenia	196 77 118	none	5	0	0	0	0	65	1	2	1	25	6	0	0	town	2800	hinterland_roads roads, hinterland_farms farms	Kingdom of Makuria	Peasants
Mecca_Province	Hijaz	Mecca	Mecca	egypt	377	59	egypt	egypt	51 2 196	none	1	0	0	0	0	5	35	45	5	5	5	0	0	city	11000	hinterland_roads roads, hinterland_farms farms	Quraysh	Peasants
Minya_Province	Misr al-Wista	Minya	al-Minya	egypt	318	104	egypt	egypt	252 70 78	none	5	0	0	0	2	65	10	15	5	3	2	0	0	large_town	7570	hinterland_roads roads, hinterland_farms farms	Egyptian Caliphate	Peasants
Qift_Province	Misr al-Sa'īd	Qift	Qift	egypt	331	90	egypt	egypt	19 82 182	none	5	0	0	0	5	55	10	20	3	1	1	0	0	large_town	9640	hinterland_roads roads, hinterland_farms farms	Banu Kanz	Peasants
Sanaa_Province	Yaman	Sanaa	Sana’a	egypt	406	19	egypt	egypt	233 4 79	none	1	0	0	0	0	30	50	0	5	10	5	0	0	city	12000	hinterland_roads roads, hinterland_farms farms	Rasulids	Peasants
Tennis_Province	Misr al-Diltā	Tennis	Tinnīs	egypt	326	126	egypt	egypt	227 221 8	none	5	0	0	0	5	45	10	35	3	1	1	0	0	city	11820	hinterland_roads roads, hinterland_farms farms	Mamluks	Peasants
Tripoli_Province	Trables	Tripoli	Trables	egypt	209	137	egypt	egypt	146 205 143	none	1	0	0	0	7	7	7	55	3	15	6	0	0	large_town	3750	hinterland_roads roads, hinterland_farms farms	Zenata	Peasants
Cairo_Province	Misr al-Qāhira	Cairo	al-Qāhira	egypt_CAPITAL	322	118	egypt	egypt	109 161 8	none	5	0	0	0	10	20	20	25	20	4	1	0	0	large_city	51000	hinterland_roads roads, hinterland_farms farms	Mamluks	Peasants
Norwich_Province	Éstlónd	Norwich	Norwic	england	136	290	england	england	146 225 181	none	5	0	0	74	0	0	0	0	5	20	0	0	0	large_town	6650	hinterland_roads roads, hinterland_farms farms, port port	Barons' Revolt	Peasants
Rouen_Province	Normaundie	Rouen	Rouen	england	135	263	england	england	249 228 112	none	5	0	0	75	0	0	0	0	20	2	3	0	0	large_town	8050	hinterland_roads roads, hinterland_farms farms, port port	Duchy of Normandy	Peasants
York_Province	North Cóntré	York	Eorforwic 	england	122	302	england	england	245 182 2	none	4	0	0	65	0	0	0	0	4	25	6	0	0	large_town	5750	hinterland_roads roads, hinterland_farms farms, port port	Barons' Revolt	Peasants
London_Province	Suther-ge	London	Lundenwic	england_CAPITAL	128	281	england	england	232 41 46	none	5	0	0	70	0	0	0	0	5	20	5	0	0	city	12700	hinterland_roads roads, hinterland_farms farms, port port	Barons' Revolt	Peasants
Angers_Province	Anjou et Maine	Angers	Angers	france	126	247	france	france	235 110 222	none	5	0	0	85	0	0	0	0	5	2	8	0	0	town	2450	hinterland_roads roads, hinterland_farms farms	County of Anjou	Peasants
Bordeaux_Province	Aquitània	Bordeaux	Bordèu	france	125	226	france	france	86 65 43	none	5	0	0	90	0	0	0	1	4	2	3	0	0	large_town	6350	hinterland_roads roads, hinterland_farms farms	Duchy of Acquitania	Peasants
Clermont_Province	Auvèrnhe	Clermont	Clarmont d’Auvèrnhe	france	147	233	france	france	232 143 150	none	5	0	0	90	0	0	0	0	2	1	7	0	0	town	2500	hinterland_roads roads, hinterland_farms farms	County of Auvergne	Peasants
Dijon_Province	Bourgogne	Dijon	Dijon	france	158	246	france	france	113 63 62	none	5	0	0	90	0	0	0	0	2	2	6	0	0	town	2700	hinterland_roads roads, hinterland_farms farms	Duchy of Burgundy	Peasants
Ghent_Province	Vlaenderen	Ghent	Ghent	france	150	277	denmark	denmark	181 83 4	none	3	0	0	75	0	0	0	0	5	12	8	0	0	large_town	9650	hinterland_roads roads, hinterland_farms farms	Gravescap Vlaenderen	Peasants
Orleans_Province	Orléanais	Orleans	Orléans	france	140	251	france	france	231 198 152	none	6	0	0	90	0	0	0	0	2	2	6	0	0	large_town	4350	hinterland_roads roads, hinterland_farms farms	Duchy of Orleanais	Peasants
Poitiers_Province	Poetou	Poitiers	Poitiers	france	131	240	france	france	208 131 99	none	6	0	0	85	0	0	0	0	5	5	5	0	0	town	3050	hinterland_roads roads, hinterland_farms farms	County of Poitou	Peasants
Toulouse_Province	Tolosa	Toulouse	Tolosa	france	138	215	aragon	aragon	94 162 30	none	6	0	0	55	0	0	0	0	10	10	25	0	0	large_town	5500	hinterland_roads roads, hinterland_farms farms	County of Tolouse	Peasants
Troyes_Province	Champagne	Troyes	Troyes	france	152	254	france	france	29 158 66	none	5	0	0	90	0	0	0	0	2	2	6	0	0	town	2550	hinterland_roads roads, hinterland_farms farms	County of Champagne	Peasants
Paris_Province	Isle-de-France	Paris	Paris	france_CAPITAL	142	259	france	france	103 92 145	none	6	0	0	85	0	0	0	0	5	5	5	0	0	large_town	8700	hinterland_roads roads, hinterland_farms farms	Parisian Robber Barons	Peasants
Kutaisi_Province	Sakartvelo	Kutaisi	Kutatisi	georgia_CAPITAL	383	209	georgia	georgia	224 149 185	none	3	0	0	0	40	20	5	10	5	10	10	0	0	large_town	6950	hinterland_roads roads, hinterland_farms farms	Georgian Rebels	Peasants
Bremen_Province	Sassen	Bremen	Bremen	hre	178	294	hre	hre	23 92 82	none	3	0	0	80	0	0	0	0	0	15	5	0	0	town	3350	hinterland_roads roads, hinterland_farms farms	Hartægedæm Sassen	Peasants
Cologne_Province	Niderluthringe	Cologne	Kolne	hre	168	275	hre	hre	210 205 251	none	5	0	0	80	0	0	0	0	5	2	13	0	0	city	11800	hinterland_roads roads, hinterland_farms farms	Herzogentuom Niderluthringe	Peasants
Lyon_Province	Bourgogne Cisjurane	Lyon	Lyon	hre	158	233	hre	hre	140 241 203	none	5	0	0	80	0	0	0	0	5	10	5	0	0	large_town	4600	hinterland_roads roads, hinterland_farms farms	Duchy of Burgundy	Peasants
Magdeburg_Province	Nærtmarch	Magdeburg	Magdeborg	hre	196	286	hre	hre	61 185 200	none	5	0	0	45	0	0	0	0	0	50	5	0	0	town	3150	hinterland_roads roads, hinterland_farms farms	Wendische Stammen	Peasants
Ravenna_Province	Romagna	Ravenna	Raben	hre	201	223	papal_states	papal_states	70 24 35	none	6	0	0	68	15	0	0	0	10	2	5	0	0	large_town	5300	hinterland_roads roads, hinterland_farms farms	Archbishopric of Ravenna	Peasants
Trier_Province	Oberluthringe	Trier	Trier	hre	168	266	hre	hre	7 34 143	none	5	0	0	85	0	0	0	0	5	2	8	0	0	large_town	7100	hinterland_roads roads, hinterland_farms farms	Herzogentuom Oberluthringe	Peasants
Utrecht_Province	Freslond	Utrecht	Utrecht	hre	158	285	hre	hre	71 175 218	none	4	0	0	68	0	0	0	0	2	22	8	0	0	town	2300	hinterland_roads roads, hinterland_farms farms	Gravescap Hollant	Peasants
Verona_Province	Vèneto	Verona	Bern 	hre	193	230	venice	venice	63 93 61	none	5	0	0	75	10	3	0	0	5	2	5	0	0	large_town	5100	hinterland_roads roads, hinterland_farms farms	Marca Veronensis et Aquileiensis 	Peasants
Vienna_Province	Æsterriche	Vienna	Wien	hre	223	253	hre	hre	102 247 45	none	1	0	0	85	0	0	0	0	5	5	5	0	0	town	2400	hinterland_roads roads, hinterland_farms farms	Herzogentuom Æsterriche	Peasants
Worms_Province	Franken	Worms	Worms	hre_CAPITAL	176	264	hre	hre	99 43 162	none	5	0	0	90	0	0	0	0	0	5	5	0	0	town	2700	hinterland_roads roads, hinterland_farms farms	Pfalenzgrõveshaft bæ Ræn	Peasants
Gyulafehervar_Province	Erdőelve	Gyulafehervar	Gyulafehérvár	hungary	266	238	hungary	hungary	8 111 245	none	5	0	0	41	26	0	3	0	0	15	15	0	0	town	1900	hinterland_roads roads, hinterland_farms farms	Erdőelvi Fejedelemség (Voivoidship of Transylvania)	Peasants
Szekesfehervar_Province	Magyar uruszág	Szekesfehervar	Fehérvár	hungary_CAPITAL	237	246	hungary	hungary	94 38 222	none	6	0	0	55	20	0	3	0	2	10	10	0	0	town	2750	hinterland_roads roads, hinterland_farms farms	Magyar uruszági nemesek (Nobles of Hungary)	Peasants
Chernihiv_Province	Chernigov	Chernihiv	Chernigov	kiev	307	283	kiev	kiev	101 253 127	none	4	0	0	0	55	0	0	0	2	40	3	0	0	large_town	6100	hinterland_roads roads, hinterland_farms farms	Principality of Chernigov	Peasants
Pereyaslavl_Province	Pereyaslavl	Pereyaslavl	Pereyaslavl	kiev	309	271	kiev	kiev	30 147 26	none	5	0	0	0	40	15	0	5	5	30	5	0	0	town	3100	hinterland_roads roads, hinterland_farms farms	Principality of Pereyaslavl 	Peasants
Rostov_Province	Rostov	Rostov	Rostov	kiev	347	336	kiev	kiev	201 199 3	none	4	0	0	0	70	15	0	0	0	30	5	0	0	town	2750	hinterland_roads roads, hinterland_farms farms	Great Rostov	Peasants
Ryazan_Province	Murom i Ryazan	Ryazan	Ryazan	kiev	356	312	kiev	kiev	201 92 191	none	5	0	0	0	70	15	0	0	0	30	5	0	0	town	2050	hinterland_roads roads, hinterland_farms farms	Principality of Ryazan	Peasants
Smolensk_Province	Smolensk	Smolensk	Smolensk	kiev	308	311	kiev	kiev	179 87 48	none	5	0	0	0	50	0	0	0	1	39	10	0	0	town	2650	hinterland_roads roads, hinterland_farms farms	Principality of Smolensk 	Peasants
Turov_Province	Turaŭ	Turov	Turaŭ	kiev	287	286	kiev	kiev	69 253 11	none	5	0	0	20	30	20	0	0	0	25	5	0	0	town	2250	hinterland_roads roads, hinterland_farms farms	Principality of Turov and Pinsk	Peasants
Kiev_Province	Kyiv	Kiev	Kyiv	kiev_CAPITAL	303	274	kiev	kiev	135 115 22	none	4	0	0	3	40	5	0	5	7	35	5	0	0	large_town	8450	hinterland_roads roads, hinterland_farms farms	Principality of  Kiev	Peasants
Vilnius_Province	Aukštaitija	Vilnius	Vilnius	lithuania_CAPITAL	270	311	lithuania	lithuania	84 72 164	none	4	0	0	1	5	0	0	0	0	92	1	0	0	village	475	hinterland_roads roads, hinterland_farms farms	Aukštaitian Rebels	Peasants
Genoa_Province	Liguria	Genoa	Zena	milan	181	223	milan	milan	246 227 208	none	5	0	0	78	0	0	0	0	10	2	10	0	0	large_town	5050	hinterland_roads roads, hinterland_farms farms	Republic of Genoa	Peasants
Turin_Province	Marca Arduinica	Turin	Turin	milan	173	228	milan	milan	162 165 55	none	4	0	0	80	0	0	0	0	5	5	10	0	0	large_town	6900	hinterland_roads roads, hinterland_farms farms	Grafschaft Savoyen 	Peasants
Milan_Province	Lombardia	Milan	Milan	milan_CAPITAL	183	232	milan	milan	62 30 147	none	5	0	0	78	0	0	0	0	10	2	10	0	0	city	12500	hinterland_roads roads, hinterland_farms farms	Commune of Milan	Peasants
Ceuta_Province	Arrif	Ceuta	Sebta	moors	96	159	moors	moors	141 98 63	none	6	0	0	10	1	0	0	80	5	1	3	0	0	town	3350	hinterland_roads roads, hinterland_farms farms	Zenata	Peasants
Fez_Province	Tamesna	Fez	Fes	moors	98	145	moors	moors	235 179 220	none	6	0	0	5	0	0	1	69	5	15	10	0	0	large_city	26000	hinterland_roads roads, hinterland_farms farms	Masmuda	Peasants
Sijilmasa_Province	Tafilet	Sijilmasa	Sijilmassa	moors	103	125	moors	moors	251 188 104	none	2	0	0	0	0	0	0	70	0	15	15	0	0	city	15000	hinterland_roads roads, hinterland_farms farms	Zenata	Peasants
Tlemcen_Province	Tala Imsan	Tlemcen	Tilimsan	moors	120	151	moors	moors	194 144 58	none	3	0	0	3	0	0	1	50	5	30	11	0	0	large_town	7600	hinterland_roads roads, hinterland_farms farms	Zenata	Peasants
Marrakech_Province	Al-maghrib	Marrakech	Murrakush	moors_CAPITAL	80	128	moors	moors	161 67 198	none	2	0	0	3	0	0	1	70	2	20	4	0	0	city	10500	hinterland_roads roads, hinterland_farms farms	Masmuda	Peasants
Kirkwall_Province	Orkneyjar, Suðreyjar og Hjaltland	Kirkwall	Kirkjuvagr	norway	113	347	scotland	scotland	98 204 217	none	2	0	0	60	0	0	0	0	0	35	5	0	0	village	740	hinterland_roads roads, hinterland_farms farms, port port	Kingdom of the Isles/Regnum Insulae	Peasants
Skalholt_Province	Ísland	Skalholt	Skálaholt	norway	21	402	norway	norway	18 92 174	none	1	0	0	60	0	0	0	0	0	38	2	0	0	village	290	hinterland_roads roads, hinterland_farms farms, port port	Þjóðveldið Ísland	Peasants
Trondheim_Province	Trondhjem og Hálogaland 	Trondheim	Nidaros	norway	183	392	norway	norway	0 200 200	none	2	0	0	55	0	0	0	0	0	40	5	0	0	town	885	hinterland_roads roads, hinterland_farms farms, port port	Tronds	Peasants
Bergen_Province	Austlandit og Vestlandit	Bergen	Bjørgvin	norway_CAPITAL	158	362	norway	norway	255 180 0	none	2	0	0	50	0	0	0	0	3	45	2	0	0	town	1000	hinterland_roads roads, hinterland_farms farms, port port	Nordmenn af Viken 	Peasants
Pskov_Province	Plskov	Pskov	Plskov	novgorod	285	339	novgorod	novgorod	155 202 91	none	4	0	0	0	40	10	0	0	1	40	9	0	0	town	2250	hinterland_roads roads, hinterland_farms farms	Republic of Pskov	Peasants
Novgorod_Province	Novgorod	Novgorod	Novgorod	novgorod_CAPITAL	300	348	novgorod	novgorod	0 186 191	none	4	0	0	0	40	10	0	0	1	40	9	0	0	large_town	3700	hinterland_roads roads, hinterland_farms farms	Great Novgorod	Peasants
Ancona_Province	Marca Anconetana	Ancona	Ancona	papal_states	208	217	papal_states	papal_states	178 15 227	none	5	0	0	50	35	0	0	1	10	1	3	0	0	town	3100	hinterland_roads roads, hinterland_farms farms	Communes of the Pentapolis	Peasants
Rome_Province	Latium	Rome	Roma	papal_states_CAPITAL	204	203	papal_states	papal_states	178 255 85	none	5	0	0	90	1	1	1	1	6	0	0	0	0	huge_city	14500	hinterland_roads roads, hinterland_farms farms	Roman Noble Families	Peasants
Bologna_Province	Emilia	Bologna	Bologna	pisa	196	224	pisa	pisa	100 146 97	none	5	0	0	95	0	0	0	0	3	1	1	0	0	large_town	7050	hinterland_roads roads, hinterland_farms farms	Commune of Bologna	Peasants
Bonifacio_Province	Corsica	Bonifacio	Bonifacio	pisa	183	200	pisa	papal_states	79 206 143	none	4	0	0	95	0	0	0	3	1	1	1	0	0	village	255	hinterland_roads roads, hinterland_farms farms	Terra di Comune	Peasants
Florence_Province	Toscana	Florence	Florenza	pisa	195	219	pisa	pisa	99 96 99	none	6	0	0	80	0	0	0	3	5	2	5	0	0	large_town	4350	hinterland_roads roads, hinterland_farms farms	Commune of Florence	Peasants
Pisa_Province	Maremma	Pisa	Pisa	pisa_CAPITAL	190	218	pisa	pisa	140 201 18	none	4	0	0	80	0	0	0	3	5	2	5	0	0	large_town	6800	hinterland_roads roads, hinterland_farms farms	Republic of Pisa	Peasants
Krakow_Province	Małopolska	Krakow	Kraków	poland	243	270	poland	poland	246 204 73	none	5	0	0	70	2	0	0	0	3	20	5	0	0	town	2700	hinterland_roads roads, hinterland_farms farms	Slavic Rebels	Peasants
Poznan_Province	Wielkopolska	Poznan	Poznań	poland	224	289	poland	poland	105 210 93	none	5	0	0	78	1	0	0	0	1	15	5	0	0	town	1200	hinterland_roads roads, hinterland_farms farms	Duchy of Greater Poland 	Peasants
Wroclaw_Province	Ślůnsk	Wroclaw	Wrotizlawa	poland	226	277	poland	poland	43 20 157	none	5	0	0	70	2	0	0	0	3	20	5	0	0	town	985	hinterland_roads roads, hinterland_farms farms	Duchy of Silesia	Peasants
Plock_Province	Mazowsze	Plock	Płock	poland_CAPITAL	241	291	poland	poland	206 22 75	none	5	0	0	65	5	0	0	0	1	19	10	0	0	town	955	hinterland_roads roads, hinterland_farms farms	Duchy of Masovia	Peasants
Coimbra_Province	Portucale	Coimbra	Coimbra	portugal_CAPITAL	78	191	portugal	portugal	21 100 97	none	4	0	0	70	0	0	0	20	5	0	5	0	0	town	1550	hinterland_roads roads, hinterland_farms farms	Condado de Coimbra	Peasants
Elgin_Province	Bràghad Albainn	Elgin	Eilginn	scotland	111	335	scotland	scotland	171 140 223	none	3	0	0	65	0	0	0	0	0	30	5	0	0	village	400	hinterland_roads roads, hinterland_farms farms, port port	Highland Scots	Peasants
Perth_Province	Lallans	Perth	Peairt	scotland_CAPITAL	109	323	scotland	scotland	135 228 16	none	4	0	0	75	0	0	0	0	0	20	5	0	0	village	605	hinterland_roads roads, hinterland_farms farms, port port	Lowland Scots	Peasants
Al_Ahsa_Province	Bahrayn	Al_Ahsa	al-Ahsā	seljuks	436	87	egypt	egypt	40 69 92	none	4	0	0	0	0	0	50	10	10	30	0	0	0	large_town	4960	hinterland_roads roads, hinterland_farms farms	Uyunids 	Peasants
Ardabil_Province	Ādharbāyjān	Ardabil	Ardabīl	seljuks	419	179	seljuks	seljuks	214 113 47	none	1	0	0	0	2	13	30	40	3	10	2	0	0	city	16790	hinterland_roads roads, hinterland_farms farms	Oghuz Tribes	Peasants
Baghdad_Province	Erāq al-'Arab	Baghdad	Baghdād	seljuks	400	142	moors	moors	251 17 235	none	5	0	0	0	1	9	10	55	15	1	9	0	0	huge_city	115920	hinterland_roads roads, hinterland_farms farms	al-‘Abbāsīyūn	Peasants
Chabahar_Province	Makrān	Chabahar	Tiz	seljuks	505	88	seljuks	seljuks	171 115 25	none	1	0	0	0	0	0	0	65	0	35	10	0	0	large_town	3950	hinterland_roads roads, hinterland_farms farms	Ghaznavids	Peasants
Gorgan_Province	Māzandarān	Gorgan	Gorgan	seljuks	462	173	seljuks	seljuks	79 110 140	none	3	0	0	0	0	15	0	65	0	25	5	0	0	city	15830	hinterland_roads roads, hinterland_farms farms	Turkmen	Peasants
Hamadan_Province	Erāq-e Hamadān	Hamadan	Hamadan	seljuks	424	153	seljuks	seljuks	100 154 247	none	3	0	0	0	0	15	0	65	0	25	5	0	0	city	14050	hinterland_roads roads, hinterland_farms farms	Kurds	Peasants
Jend_Province	Ma Wara an-Nahr	Jend	Cend	seljuks	497	241	seljuks	seljuks	104 130 88	none	2	0	0	0	0	15	0	65	0	25	5	0	0	large_town	4600	hinterland_roads roads, hinterland_farms farms	Khwarezmians	Peasants
Kerman_Province	Kermān	Kerman	Guvāshīr	seljuks	480	122	seljuks	seljuks	11 8 58	none	1	0	0	0	0	15	0	65	0	25	5	0	0	city	14000	hinterland_roads roads, hinterland_farms farms	Buyids	Peasants
Marv_Province	Khorasān-e Marv	Marv	Marv	seljuks	505	177	seljuks	seljuks	112 208 179	none	1	0	0	0	0	5	30	30	2	13	10	0	0	large_city	57570	hinterland_roads roads, hinterland_farms farms	Steppe Nomads	Peasants
Muscat_Province	Uman	Muscat	Masqat	seljuks	493	75	seljuks	seljuks	107 46 59	none	2	0	0	0	0	20	40	0	5	30	5	0	0	large_town	3850	hinterland_roads roads, hinterland_farms farms	Rasulids	Peasants
Nishapur_Province	Khorasān-e Nīshāpūr	Nishapur	Nishapur	seljuks	485	165	seljuks	seljuks	175 80 74	none	5	0	0	0	0	10	50	15	10	10	5	0	0	large_city	30400	hinterland_roads roads, hinterland_farms farms	Ghaznavids	Peasants
Ray_Province	Erāq-e Ray	Ray	Ray	seljuks	440	159	seljuks	seljuks	100 189 19	none	3	0	0	0	0	0	90	0	0	5	5	0	0	large_city	29800	hinterland_roads roads, hinterland_farms farms	Buwaihids	Peasants
Shamakhi_Province	Arrān va Shīrvān	Shamakhi	Shamākhī	seljuks	420	197	seljuks	seljuks	74 228 144	none	3	0	0	0	10	20	30	35	3	1	1	0	0	large_town	3950	hinterland_roads roads, hinterland_farms farms	Shirvanshahs	Peasants
Shiraz_Province	Pārs	Shiraz	Shīrāz	seljuks	452	117	seljuks	seljuks	111 168 77	none	6	0	0	0	0	10	30	40	2	10	3	0	0	large_city	27770	hinterland_roads roads, hinterland_farms farms	Persians	Peasants
Tbilisi_Province	Sakartvelo	Tbilisi	Tiflīs	seljuks	395	205	georgia	georgia	53 103 244	none	4	0	0	0	15	25	0	0	20	40	0	0	0	large_town	7250	hinterland_roads roads, hinterland_farms farms	Kingdom of Alania	Peasants
Urgench_Province	Khwārazm	Urgench	Gurganj	seljuks	481	213	seljuks	seljuks	2 30 157	none	1	0	0	0	0	15	0	65	0	25	5	0	0	city	8190	hinterland_roads roads, hinterland_farms farms	Khwarezmians	Peasants
Zaranj_Province	Sīstān va Quhistān	Zaranj	Zaranj	seljuks	509	127	seljuks	seljuks	40 113 216	none	2	0	0	0	0	15	0	65	0	25	5	0	0	city	13060	hinterland_roads roads, hinterland_farms farms	Ghaznavids	Peasants
Isfahan_Province	Erāq-e Esfahān	Isfahan	Esfahān	seljuks_CAPITAL	445	138	seljuks	seljuks	230 192 146	none	3	0	0	0	0	15	0	65	0	25	5	0	0	large_city	45080	hinterland_roads roads, hinterland_farms farms	Persians	Peasants
Melfi_Province	Basilicata	Melfi	Melfi	sicily	222	196	sicily	sicily	41 31 235	none	5	0	0	65	25	1	0	4	2	1	2	0	0	town	1850	hinterland_roads roads, hinterland_farms farms	County of Apulia	Peasants
Taranto_Province	Apulia, Lucania et Calabria	Taranto	Taranto	sicily	233	193	byzantium	byzantium	250 42 197	none	5	0	0	30	40	5	5	15	3	1	1	0	0	town	3360	hinterland_roads roads, hinterland_farms farms	Duchy of Apulia and Calabria	Peasants
Palermo_Province	Sicilia	Palermo	Palermu	sicily_CAPITAL	209	175	syria	syria	136 91 213	none	5	0	0	30	25	5	15	15	8	1	1	0	0	large_city	17050	hinterland_roads roads, hinterland_farms farms	County of Sicily	Peasants
Aberffraw_Province	Cymru	Aberffraw	Aberffraw	slave	103	296	scotland	scotland	219 159 149	none	3	0	0	75	0	0	0	0	0	15	10	0	0	village	515	hinterland_roads roads, hinterland_farms farms, port port	Welsh Kingdoms	Peasants
Aden_Province	Hadhramawt	Aden	Adan	slave	412	4	egypt	egypt	171 148 9	none	1	0	0	0	1	9	20	30	15	20	5	0	0	large_town	5050	hinterland_roads roads, hinterland_farms farms	Hemiyar Arabs	Peasants
Aix_Province	Provença	Aix	Aics	slave	161	216	hre	hre	244 121 242	none	3	0	0	75	0	0	0	5	7	3	10	0	0	town	3150	hinterland_roads roads, hinterland_farms farms	Kingdom of Arles	Peasants
Aksum_Province	Ityop’p’ya	Aksum	Aksum	slave	372	11	armenia	armenia	2 141 12	none	4	0	0	0	0	40	5	15	15	20	5	0	0	town	1850	hinterland_roads roads, hinterland_farms farms	Kingdom of Axum	Peasants
Augsburg_Province	Swõben	Augsburg	Augsburc	slave	191	255	hre	hre	82 167 76	none	3	0	0	80	0	0	0	0	5	10	5	0	0	large_town	3600	hinterland_roads roads, hinterland_farms farms	Herzogentuom Swõben	Peasants
Awadaghust_Province	Adrar	Awadaghust	Awadaghust	slave	63	32	moors	moors	37 179 165	none	1	0	0	0	0	3	5	30	2	55	5	0	0	town	1600	-	Sanhaja	Peasants
Azov_Province	Azaq	Azov	Azaq	slave	358	248	cumans	cumans	206 107 17	none	3	0	0	0	0	5	0	5	0	80	10	0	0	town	1900	hinterland_roads roads, hinterland_farms farms	Mordva and Mari Tribes	Peasants
Badajoz_Province	Extremadura	Badajoz	Batalyaws	slave	87	179	moors	moors	72 247 131	none	5	0	0	30	4	0	3	48	11	2	2	0	0	large_town	6500	hinterland_roads roads, hinterland_farms farms	Taifa of Badajoz	Peasants
Barcelona_Province	Catalunya	Barcelona	Barcelona	slave	142	201	aragon	aragon	237 235 101	none	5	0	0	95	0	0	0	0	4	1	5	0	0	large_town	5830	hinterland_roads roads, hinterland_farms farms	County of Barcelona	Peasants
Basel_Province	Bourgogne Transjurane	Basel	Baselia	slave	173	247	hre	hre	230 15 204	none	4	0	0	95	0	0	0	0	2	1	2	0	0	town	1850	hinterland_roads roads, hinterland_farms farms	Free County of Burgundy	Peasants
Bejaia_Province	Tamurt Iqbayliyen	Bejaia	Bgayet	slave	159	164	moors	moors	19 77 118	none	4	0	0	0	0	0	0	70	0	15	15	0	0	large_town	3800	hinterland_roads roads, hinterland_farms farms	Zenata	Peasants
Berestie_Province	Volyn'	Berestie	Berestye	slave	263	288	kiev	kiev	94 136 43	none	5	0	0	0	20	0	0	0	3	75	2	0	0	village	640	hinterland_roads roads, hinterland_farms farms	Kingdom of Volhynia	Peasants
Bilar_Province	Bülär	Bilar	Bülär	slave	411	319	seljuks	seljuks	208 252 166	none	1	0	0	0	5	5	0	40	10	40	0	0	0	city	16700	hinterland_roads roads, hinterland_farms farms	Bulgars	Peasants
Bilma_Province	Kanem	Bilma	Bilma	slave	210	41	egypt	egypt	139 177 212	none	1	0	0	0	0	15	0	65	0	25	5	0	0	town	825	hinterland_roads roads, hinterland_farms farms	Kanem	Peasants
Biograd_Province	Hrvatska i Slavonija	Biograd	Biograd na More	slave	222	220	hungary	venice	60 163 134	none	4	0	0	25	10	15	0	0	0	30	20	0	0	town	1100	hinterland_roads roads, hinterland_farms farms	Hrvatsko Kraljevstvo (Kingdom of Croatia)	Peasants
Cagliari_Province	Sardigna	Cagliari	Callari	slave	182	184	pisa	papal_states	221 13 17	none	4	0	0	60	30	0	0	0	0	5	5	0	0	town	2950	hinterland_roads roads, hinterland_farms farms	Giudicati of Sardinia	Peasants
Cherdyn_Province	Wisu	Cherdyn	Cerdin	slave	434	374	lithuania	lithuania	55 237 226	none	1	0	0	0	0	0	0	0	0	100	0	0	0	village	485	hinterland_roads roads, hinterland_farms farms	Great Perm	Peasants
Cordoba_Province	Al-Andalus	Cordoba	Qurtuba	slave	100	173	moors	moors	190 164 195	none	5	0	0	20	0	0	0	65	10	1	4	0	0	large_city	39840	hinterland_roads roads, hinterland_farms farms	Taifa of Cordoba	Peasants
Derbent_Province	Avaristan	Derbent	Darband	slave	416	208	seljuks	seljuks	85 159 4	none	3	0	0	0	10	35	0	35	10	15	5	0	0	large_town	9950	hinterland_roads roads, hinterland_farms farms	Avar Khanate	Peasants
Dubrovnik_Province	Dalmacija	Dubrovnik	Ragoúsa	slave	236	209	byzantium	byzantium	90 148 77	none	2	0	0	20	20	10	0	0	10	20	20	0	0	town	1700	hinterland_roads roads, hinterland_farms farms	Republic of Ragusa	Peasants
Erfurt_Province	Thuringe	Erfurt	Ervurt	slave	192	276	hre	hre	241 90 51	none	5	0	0	70	0	0	0	0	15	10	5	0	0	town	2550	hinterland_roads roads, hinterland_farms farms	Lantgrõveschaft von Thuringe	Peasants
Erzurum_Province	Mets Hayk'	Erzurum	Karin	slave	376	190	armenia	armenia	83 111 2	none	4	0	0	0	0	45	20	0	0	20	15	0	0	large_town	5350	hinterland_roads roads, hinterland_farms farms	Principality of Khachen	Peasants
Fashir_Province	Fòòrà	Fashir	Tajuwa	slave	288	8	moors	moors	103 251 56	none	2	0	0	0	0	10	0	10	0	75	5	0	0	town	810	hinterland_roads roads, hinterland_farms farms	Daju empire	Peasants
Fayd_Province	Najd	Fayd	Fayd	slave	392	98	egypt	egypt	242 202 53	none	1	0	0	0	0	15	25	35	5	10	10	0	0	village	505	hinterland_roads roads, hinterland_farms farms	Mrudah	Peasants
Gao_Province	Songhai	Gao	Kawkaw	slave	128	25	moors	moors	245 186 74	none	4	0	0	0	0	0	0	30	0	70	0	0	0	large_town	7550	hinterland_roads roads, hinterland_farms farms	Gao Empire	Peasants
Gdansk_Province	Pòrénkòwo Pòmòrskô	Gdansk	Gduńsk	slave	233	306	lithuania	lithuania	59 78 147	none	5	0	0	30	0	0	0	0	1	60	9	0	0	town	990	hinterland_roads roads, hinterland_farms farms	Duchy of Pomerania	Peasants
Granada_Province	Nevada	Granada	Gharnatah	slave	106	168	moors	moors	55 84 17	none	5	0	0	15	0	0	0	65	10	5	5	0	0	large_town	5850	hinterland_roads roads, hinterland_farms farms	Taifa of Granada	Peasants
Hijr_Province	Yamama	Hijr	Hijr	slave	419	82	egypt	egypt	105 93 218	none	1	0	0	0	0	15	50	5	15	10	5	0	0	village	710	hinterland_roads roads, hinterland_farms farms	Banu Hanifa 	Peasants
Izmir_Province	Asianí	Izmir	Smýrni	slave	292	178	byzantium	byzantium	206 135 46	none	5	0	0	1	80	5	1	5	3	1	4	0	0	large_town	9360	hinterland_roads roads, hinterland_farms farms	Nicaea 	Peasants
Kaliningrad_Province	Prūsa	Kaliningrad	Twānksta	slave	244	310	lithuania	lithuania	135 23 120	none	4	0	0	5	5	0	0	0	0	90	0	0	0	village	345	hinterland_roads roads, hinterland_farms farms	Prussian Tribes	Peasants
Kayseri_Province	Kappadokía	Kayseri	Kaisáreia	slave	342	181	byzantium	byzantium	71 196 159	none	3	0	0	0	50	30	1	9	1	4	5	0	0	large_town	5550	hinterland_roads roads, hinterland_farms farms	Armenians	Peasants
Kholmogory_Province	Kalmomäki	Kolmogory	Beorma	slave	346	408	lithuania	lithuania	158 141 114	none	3	0	0	5	0	0	0	0	0	90	5	0	0	village	345	hinterland_roads roads, hinterland_farms farms	Bjarmings	Peasants
Kumbi_Province	Wagadu	Kumbi	Kumbi Saleh	slave	79	22	moors	moors	116 0 95	none	4	0	0	0	0	0	0	3	0	97	0	0	0	city	11500	hinterland_roads roads, hinterland_farms farms	Ghana Empire	Peasants
Lubeck_Province	Pülobe	Lubeck	Liubice	slave	189	302	lithuania	lithuania	67 100 130	none	6	0	0	10	0	0	0	0	0	80	5	0	0	village	555	hinterland_roads roads, hinterland_farms farms	Wendish Tribes	Peasants
Lviv_Province	Ruskie	Lviv	Lwów	slave	267	268	kiev	kiev	244 75 175	none	5	0	0	0	20	0	0	0	3	75	2	0	0	village	385	hinterland_roads roads, hinterland_farms farms	Kingdom of Galych	Peasants
Mahdia_Province	Ifriqiya	Mahdia	al-Mahdiya	slave	195	155	moors	moors	146 39 143	none	1	0	0	0	0	0	20	40	0	30	10	0	0	large_town	4500	hinterland_roads roads, hinterland_farms farms	Masmuda	Peasants
Murzuq_Province	Fuzzan Wtebesti	Murzuq	Murzuq	slave	215	89	moors	moors	69 255 255	none	1	0	0	0	0	0	0	25	0	70	5	0	0	town	2650	hinterland_roads roads, hinterland_farms farms	Kanem	Peasants
Naples_Province	Campania	Naples	Napule	slave	214	196	sicily	sicily	155 131 40	none	5	0	0	30	50	5	2	5	5	1	2	0	0	city	16500	hinterland_roads roads, hinterland_farms farms	Ducatus Neapolitanus	Peasants
Palma_Province	Juzr al-Bilyar	Palma	Madinat al-Mayurqa	slave	145	185	moors	moors	235 206 158	none	4	0	0	5	0	0	0	80	0	10	5	0	0	large_town	5150	hinterland_roads roads, hinterland_farms farms	Kingdom of Majorca	Peasants
Polotsk_Province	Polotesk	Polotsk	Polotesk	slave	289	319	kiev	kiev	7 49 27	none	5	0	0	0	10	0	0	0	0	90	0	0	0	town	1700	hinterland_roads roads, hinterland_farms farms	Principality of Polotsk	Peasants
Regensburg_Province	Beiern	Regensburg	Regensburc	slave	199	259	hre	hre	214 211 83	none	5	0	0	90	1	0	0	0	4	3	2	0	0	large_town	4750	hinterland_roads roads, hinterland_farms farms	Herzogentuom Beiern	Peasants
Rennes_Province	Breizh	Rennes	Roazhon	slave	119	251	france	france	51 165 32	none	4	0	0	90	0	0	0	0	5	1	4	0	0	town	2650	hinterland_roads roads, hinterland_farms farms	Duchy of Brittany	Peasants
Riga_Province	Līvõmō	Riga	Rija	slave	262	330	lithuania	lithuania	61 211 194	none	4	0	0	5	5	0	0	0	0	85	5	0	0	town	1150	hinterland_roads roads, hinterland_farms farms	Livonian Tribes	Peasants
Saksin_Province	Saksin	Saksin	Saqsin Bolğar	slave	396	255	cumans	cumans	83 121 133	none	4	0	0	0	0	15	0	20	30	30	5	0	0	large_town	6850	hinterland_roads roads, hinterland_farms farms	Steppe Nomads	Peasants
Saragossa_Province	Saraqusti	Saragossa	Saraqusta	slave	123	200	moors	moors	113 235 101	none	5	0	0	20	0	0	0	65	10	1	4	0	0	large_town	7300	hinterland_roads roads, hinterland_farms farms	Taifa of Saraqusta	Peasants
Saraychyq_Province	Üstyurt	Saraychyq	Saray Jük	slave	430	254	cumans	cumans	167 22 144	none	4	0	0	0	10	10	0	10	10	60	0	0	0	town	1600	hinterland_roads roads, hinterland_farms farms	Steppe Nomads	Peasants
Seville_Province	Isbili	Seville	Isbiliya	slave	93	169	moors	moors	122 67 129	none	6	0	0	20	0	0	0	65	10	1	4	0	0	city	14500	hinterland_roads roads, hinterland_farms farms	Taifa of Seville	Peasants
Silves_Province	al-Gharb	Silves	Shilb	slave	78	168	moors	moors	165 34 41	none	4	0	0	35	0	0	3	57	4	0	1	0	0	town	1700	hinterland_roads roads, hinterland_farms farms	Taifa of Silves	Peasants
Sivas_Province	P'vok'r Hayk'	Sivas	Sebasteia	slave	349	190	byzantium	byzantium	106 19 244	none	5	0	0	5	55	7	0	10	5	15	3	0	0	large_town	6900	hinterland_roads roads, hinterland_farms farms	Despot of Philadelphia	Peasants
Stettin_Province	Zôpadnô Pòmòrskô	Stettin	Sztëteno	slave	211	298	lithuania	lithuania	130 132 254	none	5	0	0	20	0	0	0	0	1	70	9	0	0	town	1100	hinterland_roads roads, hinterland_farms farms	Wendish Tribes	Peasants
Takrur_Province	Takrur	Takrur	Takrur	slave	37	27	moors	moors	0 0 191	none	2	0	0	0	0	0	0	1	0	97	2	0	0	town	990	hinterland_roads roads, hinterland_farms farms	Ghana Empire	Peasants
Tallinn_Province	Eesti	Tallin	Kalevan	slave	263	354	lithuania	lithuania	164 89 145	none	3	0	0	2	2	0	0	0	0	95	1	0	0	town	750	hinterland_roads roads, hinterland_farms farms	Estonian Tribes	Peasants
Tartu_Province	Igaunija	Tartu	Tarbatu	slave	275	344	lithuania	lithuania	201 18 6	none	2	0	0	5	20	0	0	0	5	65	5	0	0	village	580	hinterland_roads roads, hinterland_farms farms	Žemaitėjės Seniūnėjė	Peasants
Toledo_Province	Talehtali	Toledo	Tulaytula	slave	104	188	spain	spain	72 46 49	none	5	0	0	20	0	0	12	46	16	2	4	0	0	city	12000	hinterland_roads roads, hinterland_farms farms	Taifa of Toledo	Peasants
Tozeur_Province	al-Jarid	Tozeur	Tozeur	slave	178	145	moors	moors	57 181 74	none	4	0	0	5	0	0	15	60	5	14	1	0	0	large_town	3550	hinterland_roads roads, hinterland_farms farms	Hammadids 	Peasants
Trabzon_Province	Chaldía	Trabzon	Trapezoúnta	slave	366	199	byzantium	byzantium	93 71 36	none	5	0	0	0	55	30	5	5	3	1	1	0	0	large_town	5120	hinterland_roads roads, hinterland_farms farms	Empire of Trebizond	Peasants
Tuam_Province	Hibernia	Tuam	Tuaim Dá Ghualann	slave	79	298	scotland	scotland	148 31 190	none	3	0	0	70	0	0	0	0	0	20	10	0	0	village	500	hinterland_roads roads, hinterland_farms farms, port port	Irish Kingdoms	Peasants
Tuat_Province	Ahaggar	Tuat	Tuar	slave	120	98	moors	moors	51 117 81	none	1	0	0	0	0	1	9	70	10	8	2	0	0	village	470	-	Bedouins	Peasants
Turku_Province	Häme	Turku	Turgu	slave	250	365	lithuania	lithuania	236 119 98	none	2	0	0	3	3	0	0	0	0	94	0	0	0	village	305	hinterland_roads roads, hinterland_farms farms	Finnic Tribes	Peasants
Ufa_Province	Bashkirda	Ufa	Tura-Tau	slave	440	330	seljuks	seljuks	154 135 2	none	3	0	0	0	5	0	2	40	5	44	1	0	0	village	320	hinterland_roads roads, hinterland_farms farms	Steppe Nomads	Peasants
Uppsala_Province	Swidhido	Uppsala	Uppsala	slave	224	359	sweden	sweden	236 0 140	none	4	0	0	15	5	0	0	0	0	75	5	0	0	town	755	hinterland_roads roads, hinterland_farms farms	Svear	Peasants
Valencia_Province	Balensi	Valencia	Balensiya	slave	126	184	moors	moors	244 84 17	none	6	0	0	30	0	0	5	45	5	2	3	0	0	large_town	8850	hinterland_roads roads, hinterland_farms farms	Taifa of Valencia	Peasants
Visby_Province	Gutland	Visby	Wysbu	slave	229	335	sweden	sweden	0 90 0	none	2	0	0	40	5	0	0	0	0	50	5	0	0	town	1000	hinterland_roads roads, hinterland_farms farms	Gotlännningar	Peasants
Yangikent_Province	Oguz Yabgu	Yangikent	Yanikand	slave	487	245	seljuks	seljuks	246 154 138	none	2	0	0	0	0	20	0	35	0	35	10	0	0	town	2500	hinterland_roads roads, hinterland_farms farms	Oghuz	Peasants
Leon_Province	Llión	Leon	Llión	spain	96	208	spain	spain	167 84 167	none	1	0	0	90	0	0	0	0	4	3	3	0	0	town	2400	hinterland_roads roads, hinterland_farms farms	Kingdom of Leon	Peasants
Santiago_Province	Galiza	Santiago	Santiago de Compostela	spain	78	210	spain	spain	167 220 167	none	3	0	0	85	0	0	0	0	5	1	9	0	0	town	910	hinterland_roads roads, hinterland_farms farms	Kingdom of Galicia	Peasants
Burgos_Province	Castilla	Burgos	Burgos	spain_CAPITAL	107	206	spain	spain	171 0 158	none	4	0	0	90	0	0	1	5	2	1	1	0	0	town	2450	hinterland_roads roads, hinterland_farms farms	Kingdom of Castille	Peasants
Linkoping_Province	Østragøtaland	Linkoping	Linkøpung	sweden	214	343	sweden	sweden	47 92 154	none	4	0	0	60	5	0	0	0	0	30	5	0	0	village	610	hinterland_roads roads, hinterland_farms farms	Götar	Peasants
Skara_Province	Væstragøtaland	Skara	Skara	sweden_CAPITAL	202	342	sweden	sweden	180 92 203	none	4	0	0	60	5	0	0	0	0	30	5	0	0	village	555	hinterland_roads roads, hinterland_farms farms	Götar	Peasants
Aleppo_Province	Shām al-Halab	Aleppo	Halab	syria	354	163	syria	syria	99 237 212	none	5	0	0	0	15	15	5	45	10	5	5	0	0	city	10210	hinterland_roads roads, hinterland_farms farms	Syrians	Peasants
Homs_Province	Shām al-Hims	Homs	Hims	syria	352	152	syria	syria	17 139 114	none	4	0	0	0	0	0	90	0	0	5	5	0	0	large_town	9280	hinterland_roads roads, hinterland_farms farms	Abbasid Caliphate	Peasants
Jerusalem_Province	Shām al-Filastīn	Jerusalem	al-Quds	syria	344	130	egypt	egypt	78 84 178	none	6	0	0	5	5	40	10	20	20	0	10	0	0	city	7410	hinterland_roads roads, hinterland_farms farms	Levantine Rebels	Peasants
Mosul_Province	al-Jazīra	Mosul	al-Mawsil	syria	390	164	syria	syria	221 100 31	none	5	0	0	0	15	15	50	0	5	10	5	0	0	large_city	22400	hinterland_roads roads, hinterland_farms farms	Beylik of Mosul	Peasants
Damascus_Province	Shām al-Dimashq	Damascus	Dimashq	syria_CAPITAL	350	143	syria	syria	205 127 34	none	4	0	0	0	5	25	5	60	5	1	4	0	0	city	9720	hinterland_roads roads, hinterland_farms farms	Bedouins	Peasants
Iznik_Province	Bithynía kai Mysía	Iznik	Níkaia	turks_CAPITAL	306	193	byzantium	byzantium	53 136 187	none	5	0	0	1	80	10	1	5	3	0	0	0	0	large_town	7610	hinterland_roads roads, hinterland_farms farms	Nicaea 	Peasants
Venice_Province	Dogado	Venice	Venéxia	venice_CAPITAL	202	231	venice	venice	227 141 234	venice	1	0	0	80	5	3	2	2	3	1	1	0	0	city	11000	hinterland_roads roads, hinterland_farms farms	Venetian Patricians	Peasants